Company,Title,Location
(주)앤드와이즈,웹 개발자/JAVA/JSP/Spring - 신입/경력 모집,서울강남구
(주)이파피루스,백엔드 개발자 / 자바 개발자 (JAVA) 채용,경기성남시 분당구
예스이십사(주),"[YES24]웹 개발자 (.NET C#, ASP.NET Java Spring) 경력직 채용",서울영등포구
(주)온피아,자바(JAVA) 리액트(React) 웹 개발자 채용공고,서울구로구
유니원아이앤씨(주),웹 개발자(JAVA),서울전체
(주)인젠트,[인젠트-채용연계형]2023년 JAVA개발자 신입사원 모집,서울영등포구
(주)에이블테라퓨틱스,Android 개발자/JAVA 웹 개발자 채용,서울영등포구
(주)코비젼,"각부문-개발(JAVA,.NET)/PM/영업/UX,UI디자이너/고객응대/법무",서울강서구
(주)레이풀시스템,[신입/경력] Java 개발자,서울송파구
(주)엔에이치엔다이퀘스트,[NHN다이퀘스트] JAVA 및 WEB 개발자 모집,서울구로구
비즈톡(주),카카오 네이버 연계 서비스 JAVA 웹 개발자 채용 (신입/경력),서울강남구
(주)지에스아이티엠,JAVA 개발 SI 경력 채용 (PM / PL / 개발),서울종로구
(주)와이에이치데이타베이스,웹 개발자(신입/경력)선발(Spring/Java)/주4일/면접 교통비 지급,대구수성구
(주)중외정보기술,중외정보기술 [ Java 개발 & 유지보수 ] 개발자 모집,서울금천구
(주)아윌비,[신입/경력] Java Spring / 백엔드 개발자 모십니다,서울강남구
(주)코비젼,개발직 경력 채용-JAVA/.NET/프론트엔드/백엔드/PM/전문연구요원,서울강서구
(주)엔비웨어,JAVA 개발 신입 및 경력직 채용공고,서울금천구
(주)키스템프그룹,[건대입구/연5600만] 통신본부 내부전산시스템 개발(Java),서울광진구
유피드,"(주)유피드 웹개발/운영 개발자(java, jsp) 모집",서울영등포구
(주)레드소프트,(주)레드소프트 2023년 Java 개발 신입사원 모집,서울구로구
(주)아이퀘스트,"[상장기업] JAVA 웹개발, 안드로이드앱(JAVA) 개발자 모집",서울구로구
(주)이모티브소프트,자바(JAVA/JSP/SPRING) 웹 및 모바일 앱(Android/iOS) 개발자 모집,서울금천구
(주)코리아폴리스쿨,JAVA / DBA / SE / 런처 개발 / 각 기획 직무,서울송파구
(주) 웨이츠,JAVA 웹 개발자 신입 모집 공고,서울영등포구
(주)이씨뱅크,[JAVA/JSP/WEB] 자바시스템 개발 신입사원 채용,서울영등포구
네이버시스템(주),교통안전시스템 관련 웹프로그래머(JAVA)/운영/PM/사업관리행정,대전전체
대전대학교산학협력단,[조달청] 전자조달지원센터 웹개발(JAVA) 신입/경력 직원 채용,대전서구
(주)아이티노매즈,"[아이티노매즈] 신사업 관련 JAVA 개발자 , 앱 개발자 등 채용",서울구로구
디포커스(주),"웹개발자 (C#, Java) 신입 / 경력 정규직 채용 (서울 본사 상주)",서울성동구
이지지아이에스(주),WPF 솔루션 개발자/JAVA 개발자/기획자 채용,서울금천구
(주)지이씨엘코리아,"[MD, PHP, JAVA] 신입/경력 채용",서울금천구
㈜알앤비소프트,22년 알앤비소프트 신입사원 JAVA기반 개발자 채용,경기성남시 분당구
(주)열린기술,웹개발자 채용 - JAVA/SPRING(신입/경력),서울전체
(주)내담씨앤씨,각 부분별 Java 프로그래머 신입/경력 정규직,서울금천구
(주)지오앤,(주)지오앤 기술개발센터 JAVA/JSP 웹 개발자 채용공고,서울금천구
바이크뱅크(주),바이크뱅크(주) 웹개발자(REACT/ASP.NET/JAVA/JSP) 채용 공고,대구달서구
(주)앤드와이즈,자바(JAVA) 기반 대량메일솔루션 개발자 모집,서울강남구
(주)오픈잇,[청년내일채움공제] Java 개발자 신입 사원 공개채용,경기성남시 분당구
인스피언(주),[청년디지털일자리]2022년 하반기 Java개발 신입/경력 사원 채용,서울금천구
(주)아울시스템즈,웹 프로그램 개발(Java) 신입/경력직 채용,서울영등포구
(주)벼리소프트,JSP/JAVA 개발자 및 SW 엔지니어 정규직 모집 공고(경력/신입),서울전체
(주)매그넘브릿지,IT개발·데이터(Java&Spring&JSP&ERP外 2개 부문) 채용,서울강남구
(주)디원,[PLM 솔루션] JAVA 웹개발자 신입 채용 (창원),경남창원시
(주)모은넷,기술연구소 SW개발자 채용 (JAVA/C#/.NET),경기수원시 영통구
(주)디원,[PLM 솔루션] JAVA 웹개발자 경력/신입 채용 (서울),서울강서구
(주)씨엘정보기술,2022년 Java·JSP 신입&경력 채용,서울구로구
(주)디원,[PLM 솔루션] JAVA 웹개발자 경력/신입 채용 (대전),대전서구
주식회사 지엠에스테크,[JAVA/JSP/SPRING] 웹프로그래머 경력 및 신입개발자 채용,서울금천구
(주)누리어시스템,"Java, JSP 웹 개발자를 모십니다.",경기하남시
엔지엘㈜,JSP/JAVA 개발자(신입 및 경력) 모집,부산동구
(주)블루컴,[정규직] Java 개발자 채용(내일채움공제 대상기업),서울금천구
펑션투프로그래밍,신입 java 신입 및 경력 개발자 채용,서울금천구
(주)명지정보기술,"신입/경력 개발자(JAVA, JSP, Android, iOS) 모집",전북전주시 완산구
(주)에스에스비정보기술,신입/경력 Java 웹개발자 모집,서울강남구
(주)디오소프트랩,JAVA/PHP 웹 개발자 채용,서울강서구
(주)상록아이엔씨,웹 개발자(JSP.JAVA)신입/경력 모집,경기부천시
(주)내가시스템,[서울형 강소기업] Java 기반 웹개발자 채용(신입/경력),서울영등포구
(주)아이클레이브 / iclave,[ Ai스타트업 ] JAVA백엔드ㆍReact프론트ㆍ기획 경력자모집,서울강남구
(주)엘티에스코리아,JAVA 개발자 신입 및 경력 채용합니다 - 정규직,경기군포시
(주)아크로노드,아크로노드 JAVA 웹개발 부문 담당자 채용,서울금천구
(주)대덕시스템,JSP/JAVA 분야 웹개발자 정규직원 채용,부산남구
(주)메타써치,[IT기업] backend (java) 신입&경력직,경기성남시 분당구
(주)씨티소프트,웹 개발자 채용(JAVA / 웹개발),경기성남시 수정구
(주)상록아이엔씨,"[긴급] 웹개발자 모집합니다(jsp,java)",경기전체
(주)지구소프트,Java 개발자 채용,서울금천구
(주)엠지엠엘,[JAVA/JSP/SPRING] 웹프로그래머 경력 및 신입개발자 모집,서울금천구
(주)그루넷,빅데이터/DataAnalysis/Python/JAVA/SAS 인재 채용,서울강남구
(주)디어소프트,자바(Java) 신입 및 경력직 개발자 모집,대전유성구
(주)우리아이시티,(주)우리ICT Java/JSP Web 개발자 모집 (신입/경력),서울금천구
(주)굿플랫폼,시스템 유지보수 및 JAVA 신입 개발자 모집,서울광진구
(주)씨아이에스엠텍,자바웹개발자(JAVA/JSP/SPRING/전자정부/EXBUILDER),서울금천구
㈜웹코리아,[웹코리아] 웹 개발자 PHP JAVA 초급/경력자 정규직 모집.,서울마포구
(주)오늘소프트,웹개발(Java·JSP/Ajax/XML/HTML) 채용 - 대전,대전유성구
주식회사 오픈소프트랩,"솔루션 개발 웹프로그래머(JAVA,JSP) 신입 /경력직원 채용",서울금천구
(주)비제이시스템즈,(신입)JAVA 개발자 채용 공고,서울영등포구
(주)지산웨어,신입/경력 Java 계열 Full Stack Developer를 모집합니다.,서울구로구
(주)우리아이시티,(주)우리ICT Java 웹 개발자 모집(신입/경력),서울금천구
(주)알엠소프트,알엠소프트 JAVA 개발 채용,서울금천구
(주)다원씨아이에스,"[신입, 경력] JAVA 웹개발 정규직 채용 (SI / SM)",서울금천구
(주)이팝콘,빅데이터 Java/Spring Backend 개발자 채용(취업축하금 지급),서울서초구
(주)이젬코,"[이젬코] (JAVA,C#)시스템 유지보수 개발자 모집(서비스운영팀)",서울성동구
(주)트랜스코스모스코리아,삼성전자 JAVA 웹 시스템운영 담당자 채용 Mj7R,경기수원시 영통구
(주)타이드플로,Java/Jsp 개발자를 모집합니다.,서울금천구
(주)노리앤드,"2022 신입, 경력 C#/.NET/Java/웹 개발 채용",서울금천구
(주)와토시스,웹 개발자(JAVA / JSP) 신입 채용합니다.(서울),서울양천구
영아이티(주),"웹 프론트엔드 개발자 - React, JS, TS, Java, Markup",대전유성구
위캔소프트,"웹개발(JAVA,JSP)신입&경력 정규직 프리랜서 채용",서울송파구
(주)퓨쳐솔루션,JAVA/JSP/React.js Web application 개발 정규직 채용,서울서초구
(주)사람과기술,개발자 채용 (MES/JAVA/DB/IoT디바이스),경남창원시
㈜키트넷,"JAVA 신입, 경력 모집 /PL출신이 1:1 맞춤형 교육 (면접비 지급)",서울금천구
㈜키트넷,"JAVA 신입 경력 모집 (면접비 지급, PL 출신이 1:1 맞춤형 교육)",서울금천구
㈜키트넷,"JAVA 신입, 모집 /PL출신이 1:1 맞춤형 교육 면접비 지급",서울금천구
(주)아이디룩,이커머스부문 JAVA 웹개발자 경력사원 채용,서울강남구
(주)에스투피테크,에스투피테크 2022년 하반기 웹개발자(JAVA) 신규 채용,서울금천구
(주)인젠트,"[인젠트]문서중앙화사업- Java, Jsp 웹개발자 채용",서울영등포구
(주)도화엔지니어링,"(주)도화엔지니어링 ICT, 웹개발자(JAVA/JSP) 신입/경력직 채용",서울강남구
(주)아이스크림미디어,JAVA 개발자 정규직(경력) 모집 공고,경기성남시 분당구
(주)코비젼,경력직 Java 개발자[사업(프로젝트)수행 / 유지보수 및 추가개발],서울전체
(주)솔트룩스,AI 및 빅데이터사업 수행/개발 (Web/Java),서울전체
세림티에스지(주),[지능정보 사업팀 ] 국민비서 운영 시스템 java 운영/개발,세종특별자치시
씨앤토트플러스(주),[울산] 시설관리시스템운영(JAVA),울산남구
이지스엔터프라이즈(주),[아파트아이] JAVA 백엔드 개발자 (경력),서울전체
(주)이랜드이노플,커머스플랫폼 시니어 JAVA 개발자,서울전체
(주)하이브랩,[하이브랩] Java 개발자 모집 (경력),경기성남시 분당구
(주)위니텍,"웹(JAVA, JSP) 개발자 경력 모집(세종,소방청)",세종특별자치시
(주)이썸테크,JAVA기반 웹 개발 및 운영인력 채용,서울서대문구
비에스지파트너스,[BSG] 웹(Java) 운영 및 개발(경력2년이상),서울강남구
(주)유니포인트,[유니포인트] 기술개발본부 JAVA 개발 경력직 채용,서울동작구
(주)아이스크림미디어,(주)아이스크림미디어 JAVA 웹 개발 경력자 모집,경기성남시 분당구
(주)비욘드테크,"[비욘드테크] Java, jsp 개발자 (선임~수석급)",서울전체
(주)시스원,"JAVA, 전자정부표준프레임워크 기반 유지보수 담당자",서울강서구
씨앤토트플러스(주),(분당) JAVA운영,경기성남시 분당구
씨앤토트플러스(주),[종로]JAVA운영,서울종로구
(주)라피치,AI음성기술전문기업 연구소 Java 개발자(경력) 채용,서울강남구
(주)마루에이치알,[주5일/나이스평가정보/국회의사당] JAVA개발자 인재 채용,서울영등포구
(주)시스원,연구소 서버(C/C++) 및 웹서비스(Spring/Java/Script/React..),서울강서구
(주)스마트로,java 서비스 개발자 경력직 채용,서울중구
(주)마크애니,보안솔루션 Java 백엔드 개발자,서울전체
(주)코리아폴리스쿨,JAVA 개발자,서울전체
(주)스마트로,[KT/BC계열사] 스마트로 java 서비스 개발자 경력직 채용,서울중구
(주)진코퍼레이션,"2022-5차) java, jsp, Nexacro 웹개발자/ MiAPS 개발자 채용",서울금천구
(주)아이페이지온,java swing 개발자,서울전체
(주)이케이시스,Java 개발자 모집,서울강남구
이케이 주식회사,"[4.5일 자율근무] 웹, JAVA / 앱 개발 & 인프라 시스템 엔지니어",경기용인시 기흥구
(주)지에스아이티엠,[GS ITM] 전사 사업부문 IT엔지니어_JAVA 개발자,서울전체
롯데정보통신(주),[롯데정보통신] JAVA개발/운영,서울전체
(주)케이스카이비,Java 웹 개발자 채용합니다.,서울강남구
(주)지에스아이티엠,[GS ITM] IT엔지니어_JAVA개발자(SI),서울전체
(주)미래로시스템,"C#, Python, JAVA 소프트웨어 개발자 채용 (신입/경력)",경기용인시 기흥구
(주)안세기술,응용프로그램개발(Java/C·C++/C#) 모집(신입/경력),서울구로구
위버로프트(주),Java 개발자 신입/경력 정규직 채용,서울구로구
(주)열린기술,[신입공채] 개발자 채용 - JAVA/Spring 혹은 ASP.NET/MVC,서울강남구
(주)셀파소프트,"백엔드 개발자 모집 (C, JAVA) (신입/경력)",서울금천구
㈜피앤디솔루션,[경력&신입] 솔루개발자 정규직 채용(Java/WAS/Javascript/HTML),경기안양시 동안구
(주)마크로젠,JAVA/웹개발 프로젝트 개발자 모집,서울전체
(주)위니텍,"웹/모바일앱(JAVA, JSP) 개발자 모집(세종)",세종특별자치시
현대에이치티(주),"[현대HT/보라매역] 안드로이드 (Framework, JAVA)",서울영등포구
(주)야놀자,API Platform Back-end Java 개발자,서울강남구
(주)넥서스커뮤니티,Java 개발자,서울전체
유니슨㈜,유니슨(주) 대전연구소 Web 부문 C# 및 JAVA,대전유성구
(주)대흥정보,[대흥정보] 웹개발자(JAVA개발) 채용,서울영등포구
㈜유라클,[국내 1위 모바일 솔루션] 유라클 JAVA 개발자 경력직 모집,서울강남구
이에스이(주),[공공/JAVA/JSP/SI] 웹개발자 채용,경기성남시
(주)유비즈솔루션,"소프트웨어 개발(C#, JAVA) 신입 및 경력자 모집",경기용인시 수지구
(주)데이터스트림즈,사업수행본부 웹개발자(JAVA) 신입경력직,서울서초구
(주)키스템프그룹,[명동/유명코스메틱] 웹앱개발/DB운영(Java/Spring/MyBatis),서울중구
(주)이튜,JAVA 개발자 모집 (spring-전자정부표준프레임워크),대구수성구
(주)키스템프그룹,의료임상데이터관리솔루션(CDMS) Java백엔드개발,서울마포구
(주)파고다아카데미,[파고다교육그룹]부문별인재모집(JAVA개발/디자인),서울서초구
(주)와이티,Java 웹개발자 채용 [신입(정규직)],대전유성구
(주)아이시프트,"JAVA/JSP 웹/앱 개발[2023신입공채]e커머스,솔루션, SI,SM",서울구로구
(주)이파피루스,솔루션 엔지니어 모집(JAVA),경기성남시 분당구
(주)라톤테크,(주)라톤테크 JAVA 개발자 모집,서울금천구
(주)키미디에스,Java 솔루션 개발자,서울전체
한국스코어링(주),[신입/경력][JAVA] 금융 솔루션 개발자 모집,서울영등포구
(주)디지털플러스시스템,"JAVA 개발자 ( SI / SM ) 신입, 경력사원 채용",서울영등포구
(주)인라이플,[주4.5일근무] (JAVA) Senior Back end Developer 인재채용,서울구로구
(주)인라이플,[주4.5일] Back end (JAVA) 개발자 채용,서울구로구
퓨렌스(주),JAVA 웹 개발자(신입/경력) 신규 채용,서울금천구
(주)아이와즈,[AI] Python JAVA 머신러닝 개발자 모집,대전유성구
(주)아이티존,"[아이티존]Python/Java-빅데이터솔루션개발(정규직,대전)",대전전체
(주)넷앤드,솔루션 개발(C/C++/Java/DA) 신입/경력 채용,서울영등포구
㈜넥서스와이드,[ 강남 청담 ] JAVA 넥사크로 개발 초상급 중급 즉시,서울강남구
㈜칸테크,JAVA / ORACLE / SPRING 개발자 모집 (신입·경력),서울금천구
씨노드,(인천 송도) Java/Java·JSP 정규직 채용 공고,인천연수구
(주)두플,"[상시채용] 제조 빅데이터 수집분석 솔루션개발자-C#,C/C++,Java",경기성남시 분당구
넥시큐어시스템테크놀로지 주식회사,[금융권 대기업/카드사] JAVA 개발자 신입 모집합니다.,서울영등포구
(주)맥스피아,[맥스피아]JAVA 운영 웹개발자채용합니다[Vue.js],서울구로구
마인드원(주),소프트웨어 개발 (Java) 신입 및 경력 모집,서울강남구
㈜단솔플러스,JAVA개발자 정규직 모집,서울강남구
(주)플랜아이,"[경력] JAVA, JSP WEB 개발자 채용",대전유성구
(주)플랜아이,"[플랜아이] DX사업부 WEB. SI 기획자, Java개발자 채용",대전유성구
(주)아이티존,"[경력&신입] 빅데이터 솔루션 개발-Python,Java(정규직) 채용",대전유성구
(주)맥스피아,[맥스피아]정직원(JAVA Web HTML) 웹개발자,서울구로구
(주)미르이즈,창원지역 응용프로그램개발(Java/Oracle) 신입 및 경력직 개발자,경남창원시
(주)맥스피아,[맥스피아]JAVA 운영 웹개발자채용합니다[Spring],서울구로구
(주)에이케이플러스,오랫동안 함께할 JAVA 전문가를 채용합니다,서울종로구
㈜인사이트정보,"[정규직] JAVA, Python, 웹 프로그램 개발자 모집",경남양산시
나눔아이씨티(주),JAVA/JSP 웹개발자(프로그래머) 신입 채용,경기수원시 영통구
세연아이넷(주),SM/SI Java 신입/경력 개발자 모집,서울영등포구
(주)씨유박스,"UI/UX디자인, 개발자 ( C,C++,C#,Java,Android,iOS ) 모집",서울강남구
㈜애니파이브,(주)애니파이브 [대전지사] JAVA 개발자 채용 (신입/경력),대전유성구
(주)씽크정보기술,신입 Java 개발 직원 채용,서울서초구
동성직업전문학교,[국비무료] Java웹 프론트/백엔드/풀스택 개발 취업연수생 모집,부산전체
(주)에이트원,(주) 에이트원 JAVA 개발자 경력사원 모집,서울강남구
(주)리앙커뮤니케이션즈,JAVA/JSP 신입 및 경력 개발자 모집합니다,서울금천구
(주)투바,TUVA 전산팀 java 개발자,서울전체
(주)제니퍼소프트,Java 개발자 채용,경기전체
빅쏠,서버 백엔드 JAVA SPRING 개발자 경력직 채용,서울강남구
(주)제타럭스시스템,웹개발자 신입/경력 개발자 채용 (JAVA/Spring),서울송파구
(주)시큐레이어,[기술연구소] Java 기반 Web Application 개발자 채용,서울성동구
(주)씨유박스,"신입/경력 개발자 채용(C#,C++,JAVA,Android,iOS)",서울강남구
(주)제스아이앤씨,[강소기업/부산지사] JAVA 웹 개발자 모집(시차출퇴근제),부산부산진구
(주)퀴리오스,웹 시스템 (java / spring 기반 시스템) 개발자,경기성남시 분당구
(주)아이더블유네트웍스,[신입] JAVA 솔루션 개발 및 유지보수 개발자 모집,서울금천구
(주)프라임에듀넷,JAVA 개발자 정규직 채용(주니어),서울전체
미래아이티(주),Java/JSP/Python/빅데이터/AI 분야 신입~경력직 채용,서울송파구
(주)아이피아이,"[정규직-신입,경력] JAVA 개발 신입/경력자 분을 모집합니다.",경기성남시 분당구
(주)유비벨록스모바일,[경력] 웹 개발자 채용 (JAVA) - 대구지사,대구중구
엔에이치엔한국사이버결제 주식회사,NHN KCP(주) JAVA 백엔드 웹개발자 모집,서울구로구
(주)매트릭스투비,[2022] JAVA 개발 인력 채용 공고(신입/경력),서울구로구
(주)에이엔드,Java 웹 개발 6년차 이상 경력 프리랜서 모집 (600~800만),서울강남구
(주)미소정보기술,(JAVA/JSP) 데이터 활용 솔루션 연구 개발,서울강남구
(주)비오시스템즈,"JAVA 개발자 채용(신입,경력,보충역 우대)",서울금천구
수테크시스템즈(주),자바(java) 개발자 정규직 채용,서울금천구
(주)제윤,JSP/JAVA 웹개발자 모집(중급/초급),서울영등포구
주식회사 빗썸메타,[빗썸메타] 메타개발실 Back End - Java 경력 개발자 모집,서울강남구
케이웨어(주),[신입] JAVA/JSP 웹 개발자 모집,서울구로구
(주)이앤아이커뮤니티,JAVA개발자 모집 (정규직),서울영등포구
(주)티젠소프트,"[2022년 개발팀 공채] JAVA, JSP 개발자 신입,경력 모집",서울금천구
(주)소프트리프,웹개발(Java/Spring/SpringBoot/SQL/JSP) 개발자 채용 공고,서울강서구
(주)에이피알,[에이피알] 백엔드 개발자(Java/Spring Boot),서울전체
(주)제윤,JSP/JAVA 웹개발자 모집,대구달서구
주식회사 이지서티,[정규직] (주)이지서티 본사 JAVA 개발 직군 정규직 채용,서울강남구
(주)이지서티,[이지서티]개인정보보호 보안소프트웨어 개발자(JAVA),서울강남구
(주)디케이테크인,[카카오자회사] 카카오공동체 및 자사 서비스 Java개발 판교,경기성남시 분당구
엠일일사(주),웹 개발 경력자 모집 안내 ( JAVA Spring ),서울서초구
마이스터정보기술(주),"(서울전지역) 개발자를 구합니다(Java,Oracle 신입,경력1년이상)",서울영등포구
(주)스마트플랫,JSP/Java 웹개발자를 모십니다.,서울금천구
(주)비욘드아이앤씨,Java Backend 개발자 (경력),서울전체
(주)와이디엔에스,웹 개발자(Java) 경력자 모집,서울마포구
(주)케이엘큐브,[경력] JAVA프로젝트 개발 및 유지보수 개발자 채용,서울강남구
(주)유니트론아이에스,"JAVA 개발자(Front-End, Back-End) 정규직 / 프리랜서 채용공고",서울마포구
(주)유엔비즈,[정규직] JAVA 웹 개발자,서울강서구
(주)에스티에이엠,"웹개발(Java·JSP, Ajax) 채용 공고(신입)",서울금천구
(주)케이앤엘정보시스템,Java/jsp 웹프로그래머 담당자 채용 공고,대구북구
(주)텐스,IT개발·데이터(Java/SpringBoot) 정규직 채용 (신입/경력),서울강남구
(주)이노시스컴퍼니,(주)이노시스컴퍼니 JAVA 신입/경력 개발자 모집,서울구로구
(주)데이터온,모바일/웹 개발자 채용(JAVA),서울전체
넥스젠어쏘시에이트(주),# JAVA기반 교육관리시스템(LMS)구축 사업 개발자 신입사원 채용,서울송파구
(주)와이디엔에스,웹 개발자(Java) 신입 및 경력자 모집,서울중구
(주)에코시안,"웹개발(JAVA, JSP, Spring boot, RDBMS) 경력 및 신입 채용",서울금천구
(주)나눔기술,JAVA 소프트웨어( 그룹웨어 ) 개발자,서울전체
에스큐앤티(주),SQ&T(주) JAVA개발 신입사원 채용 (상암 근무),서울영등포구
(주)민스페이스,[ 개발팀 ] Java·JSP 웹 프로그래머 모집공고,서울금천구
(주)아이티밴드,JAVA 개발자 모집,대전서구
(주)이솔루션,JAVA 웹개발 신입/경력직 채용(내일채움공제),서울서초구
(주)그리드원,솔루션 웹 개발자 모집(JAVA),서울서초구
(주)엠에스링크앤솔루션,"[성수역/건대역 인근] JAVA, JSP, Oracle 개발자(신입) 채용",서울성동구
(주)비트세이프,"22년도 블록체인,JAVA Back-end,Front-end,앱/웹 개발 채용공고",서울송파구
(주)중외정보기술,[중외정보기술] Java 개발/ 유지보수 담당자 모집,서울서초구
아주큐엠에스(주),"웹 시스템 운영, Java 개발자",서울서초구
(주)지어소프트,웹 프로그래머(Front-end)/자바(JAVA) 개발자/계약직 구인,서울서초구
(주)열린기술,[경력] 개발자 채용 - JAVA/Spring 혹은 ASP.NET/MVC,서울강남구
(주)미래엔,Java 개발자,서울전체
(주)솔트룩스,AI 및 빅데이터 사업 수행/개발(JAVA 웹 개발자 모집),서울전체
(주)솔트룩스,"JAVA개발(백엔드, 제품개발자)",서울전체
(주)열린기술,[충남 대산근무] Solution/SW개발자 채용(SM) - JAVA(경력),충남서산시
(주)아이디에스앤트러스트,Java개발자 경력직 모집,서울전체
기웅정보통신(주),Java 개발자 경력직 채용,서울금천구
(주)웅진,렌탈 솔루션 개발/운영(JAVA),서울전체
(주)솔트룩스,인공지능(AI) 솔트룩스 - JAVA 개발자(책임급) 채용/세종시근무,서울강남구
㈜지노시스템,[지노시스템] 웹(JAVA) 개발자 경력직 채용(IT/SI/GIS),서울영등포구
(주)웅진,JAVA 기반 솔루션 개발자(모빌리티솔루션),서울전체
브레인즈컴퍼니(주),[상장사/성수동] Java 기반 웹 개발 팀장,서울전체
인포뱅크(주),Java 웹개발자 모집(웹프로그래머),경기성남시 분당구
(주)키스템프그룹,[인천공항] 자동화물류 컴퓨터시스템유지보수(Java),인천중구
한길씨앤씨(주),Java/Nexacro 웹 개발자 모집,서울금천구
(주)메디오피아테크,비대면 교육 시스템 개발 및 유지보수(JAVA 웹 개발자),서울전체
㈜케이엘넷,공공기관 공공기관 Java 개발 경력자 채용(세종/2개월 단기),세종특별자치시
㈜네오플러스,[프리/광화문] JAVA운영/유지보수/SM (2년근무),서울구로구
(주)디투엘,(정자역) Java ERP 시스템운영(중급),서울종로구
(주)다누시스,Java/Spring 기반 웹 솔루션 개발자 채용,경기전체
(주)헥토파이낸셜,[헥토파이낸셜] Java기반 공공 클라우드 플랫폼 개발자 모집,서울강남구
㈜케이엘넷,코스닥상장사 (주)케이엘넷 공공기관 Java 개발 경력자 채용,세종특별자치시
엔컴주식회사,자바(JAVA) 기반 WEB 경력 개발자 정규직 모집,부산사상구
아주큐엠에스(주),Java 개발자,서울전체
더이앤엠(주),기술개발부 웹팀(백엔드개발JAVA),서울전체
(주)아이퀘스트,"[상장기업] C#, java 프로그래머 신입개발자 모집",서울구로구
(주)디투엘,(이천) Java or C# 품질관리시스템운영(중급),경기이천시
(주)경우시스테크,웹(JAVA) 개발자,서울전체
(주)엑스퍼트컨설팅,[HR 컨설팅 솔루션] JAVA 웹 개발자,서울전체
(주)웅진,JAVA기반 솔루션(모빌리티) 개발,서울전체
(주)지어소프트,"JAVA(자바) Web, Server 프로그래머 구인",서울서초구
(주)디투엘,(헝가리)java MES 현지 적용 중급(5년) 이상,서울종로구
(주)유디아이디,JAVA 웹 개발자 경력직 모집,서울구로구
(주)인포젠,(LG전자 마곡) Java 웹 백엔드 개발 정규직 채용,서울영등포구
엠아이큐브솔루션(주),"[부산, 경남] Java/Javascript MES 설계/개발 정규직 채용",경남창원시
브레인즈컴퍼니(주),"(상장사/성수동) Java 기반 웹 개발 (풀스택, 경력)",서울전체
오상자이엘(주),"프로그래머(JAVA, Python, Oracle SQL), PL, PM 모집",인천부평구
(주)비보존제약,부문별 신입/경력 공개채용,경기화성시
(주)슈카친구들,(슈카월드) 리서치 / PD / 도서 출간 담당사원 모집 (각 분야별),서울서초구
(주)시몬스,각 부문 신입 및 경력 모집,서울전체
루이비통코리아(유),2022 LOUIS VUITTON 신입 및 경력 채용,서울강남구
(주)비엠씨,BMC 각 부문별 신입/경력직 채용,경기안성시
안국약품(주),2022년 하반기 신입 및 경력직 공개 채용,서울영등포구
메디컬아이피(주),[서울대병원 1호 스타트업] 2022 하반기 대규모 인재채용,서울종로구
(주)아모텍,(주)아모텍 2022년 하반기 신입/경력사원 수시채용,경기김포시
(주)덴티움,㈜덴티움 하반기 각 분야 채용 공고,경기수원시
(주)동구밭,(주)동구밭 2022년 각 부문별 하반기 상시 채용[신입/경력],서울성동구
(주)삼영기업,㈜삼영기업 및 자회사(케이디이앤씨) 신입/경력사원 채용 공고,서울서초구
(주)가스트론,2022 하반기 각 부문별 신입/경력사원 모집,경기군포시
(주)세스코,2023년도 1분기 영업직/서비스직 모집,서울전체
파크시스템스(주),2022년 각 부문 신입/경력사원 채용,경기수원시 영통구
캐논코리아 주식회사,캐논코리아 각 부문 채용 (본사/지사),서울강남구
엘에스이브이코리아(주),﻿﻿﻿[LS EV Korea] 신입/경력/해외 현지채용,경기군포시
에스케이시그넷(주),[SK시그넷] 각 부문 별 신입/경력직 모집,서울영등포구
한라시멘트(주),한라시멘트㈜ 관리직 모집,서울전체
유빈스(주),(SK계열사) 하반기 신입 및 경력직원 채용공고,경기군포시
(주)엔켐,2022년도 12월 국내 및 해외 전부문 수시 채용,충남천안시 동남구
(주)엔피처스,"웹개발(Java·JSP, 프론트엔드, Ajax) 채용",서울성동구
(주)엠앤와이즈,UMS솔루션 운영 / 개발 (Java 개발자 신입/경력 채용),서울구로구
(주)위드,java SI 및 SM - 정규직,대전서구
(주)뉴턴,[뉴턴] JAVA 웹프로그램 신입/경력 개발자 모집합니다.,서울중구
(주)아이엔아이소프트,"[정규직] 각 분야 경력 개발자 구인(JAVA, WEB)",서울영등포구
(주)넥스트코어테크놀로지,"Linux/Java 기반 서버 개발자 모집 [연봉 4,000~5,000만]",서울송파구
지투소프트(주),[신입&경력] 능력과 책임감 있는 .Net Java 개발자 모집,부산강서구
(주)네오포스,JAVA 재택근무 개발자 모집,대전유성구
루키도 (Lucido),프론트 or 백엔드 개발자 모집 (신입&경력) JAVA,서울중구
(주)링크올,JAVA 웹개발 정규직원 채용(신입),경기안양시 동안구
현대정보서비스(주),JAVA or C# 개발자 경력 채용(정규직),울산동구
에스엠해썹,JAVA(Web) 개발자 경력 채용,대구달서구
(주)나무플래닛,JAVA 개발자 정직원 모집,서울송파구
(주)글로벌인,[전액국비지원] 일본취업 K-Move JAVA 웹개발/호텔 일자리확보형 연수,서울전체
플러거소프트,JAVA 개발자 모집,서울강남구
케이비즈소프트(KBIZ-soft),자바(java) 개발자모집(신입/경력SI/SM),서울금천구
(주)위드아이티,미래를 꿈꾸는 응용소프트개발 Java·JSP 신입&경력 채용합니다,대구북구
쓰리핸즈(3Handz),[백엔드(JAVA) 개발자] 클라우드 전문 중견기업,서울강남구
이프컴퍼니,java web 개발자 경력무관 모집 - 정규직,서울금천구
(주)알앤씨소프트,[알앤씨소프트] JAVA 개발자 채용 (신입/경력),부산해운대구
(주)푸투라소프트,JAVA Spring Framework 기반 웹 시스템 신입 개발자 모집,대전유성구
주식회사 서우컴퍼니,"(주)서우컴퍼니 SI/SM 신입 웹개발자(JAVA,JSP) 모집",서울구로구
(주)파인랩,[에이플러스에셋] JAVA/Spring 웹 개발자 채용,서울강남구
테크온미디어(주),"각 부문 S/W개발자 , 전문연구요원 및 JAVA 경력 채용",서울영등포구
주식회사 핀커스에이치알지,웹개발자(Java & Spring),서울강남구
㈜씨피엠에스,JAVA 개발자(신입/경력) 모집,경기안산시 단원구
(주)뉴엣지,"WEB개발 (Spring, Java,JavaScript)",서울용산구
(주)소프트디비코리아,"초급 웹 개발자(Java, JSP, ajax) 정규직 모집 공고",서울서초구
세이브소프트,(정규직) 웹 개발/JAVA 신입사원 채용,서울동작구
에이블짐인포,신입 JAVA 및 웹 퍼블리셔,서울송파구
(주)아이티윈스,웹개발 SI JAVA 개발자 채용공고,서울금천구
(주)맨파스,JAVA JSP 개발 경력무관 채용 - 정규직,서울영등포구
(주)케니컴퍼니,[신입] Java spring 웹개발자 정규직 채용,서울영등포구
(주)인투구루,"[인투구루] Java, Spring 신입 개발자 채용",서울구로구
(주)파이온즈,JAVA/WEB 개발자 정직원 수시 모집 (신입/경력),경기안양시 만안구
(주)에이치지,JAVA 웹프로그래머 0명 모집,대전서구
데이루덴스,사당역/IT개발·JAVA/웹모바일디자이너,서울서초구
(주)핀커스코리아,강소 스타트업 JAVA 개발자 (신입 및 경력),서울강남구
주식회사 서우컴퍼니,(주)서우컴퍼니 JAVA / SI / SM 신입/경력 개발자 모집,서울구로구
(주)코어플로우,공공기관 개발자(Java) 및 네트워크엔지니어 모집,대전서구
(주)아이트리소프트,[신입] 자바 개발자 정규직 모집합니다 (JAVA/SPRING/전자정부/J,서울영등포구
(주)유인시스,쌍용건설 ERP 운영 (Java 웹개발 경력 및 신입 정직원 모집),서울송파구
(주)아엠파서블,신입 / 경력 정규직 Java Spring 프레임워크 개발자 모집,서울서초구
(주)메라클,"웹 개발자(Node.js, java Spring, Vue.js, React.js)모집 합니다",부산해운대구
네오밸류테크(주),"[경력, 신입] 프론트엔드&백엔드 Java·Spring 정규직 모집",서울강동구
(주) 틱스잇,"여행 IT 개발자(JAVA, Spring) 정규직 채용",서울성동구
(주)쓰리소프트플러스,[신입] 개발자 모집 ( Java / Jsp ),서울중구
주식회사 비아엘,[신입/경력] JAVA 개발자 모집,서울서초구
코딩코리아(Coding Korea),[코딩코리아] (JAVA / Spring / Django / python) 개발자 채용,부산금정구
(주)로지스밸리,[플랫폼개발ㅣ경력무관] 물류플랫폼 Java 웹 개발자 채용,경기성남시 분당구
(주)그린블루,[(주)그린블루 / 부산] JAVA 개발자 채용,부산중구
(주)커브,Java 웹 풀스택 개발자 (신입/주니어),서울전체
(주)윈큐브마케팅,[윈큐브] 해외 서비스 Java 개발자,서울전체
(주)티모넷코리아,Spring 기반 Java(신입) 프로그래밍 개발(공공기관 상주),서울종로구
(주)아이모션,"[주4.5일제] Java, 웹프로그래밍 클라우드 개발자를 모십니다.",서울마포구
주식회사 컨트롤에이,연구개발팀 Java 웹 개발자 채용 [경력5년 이상 & 출.퇴근&재택,서울서초구
(주)유영인포테크,JAVA 웹 백엔드 개발자 채용,서울영등포구
(주)유니위즈,[정규직] JAVA(웹) 프로그래머 모집,서울성동구
(주)밀버스,[MILVUS] Java/Spring 웹 개발자 채용 안내,서울강남구
(주)클라우드랩,JAVA 기반 웹 개발자 신입/경력 모집,서울금천구
(주)솔게이트,JAVA 웹 초급 개발자 모십니다.,서울종로구
(주)케이언트,"JAVA 개발자 모집 中 주4일 ( JAVA, C# ,빅데이터 )",서울금천구
(주)수인소프트,(주)수인소프트 2022년 하반기 JAVA 개발자 채용(신입 및 경력),서울금천구
위킵 주식회사,[위킵] 개발팀 Java 웹 개발자 신규채용,서울구로구
(주)컨셉터스,빅데이터 플랫폼 웹Back-end(백엔드/JAVA) 신입/경력직 채용,서울강남구
아이코어스(주),IT개발(Java/Spring) 채용(신입/경력),서울금천구
(주)엠앤와이즈,사내 시스템 운영 및 개발 (Java 개발자 신입/경력 채용),서울구로구
(주)아고스,C#/Java/Spring / App 외 정규직 채용(신입/경력),서울금천구
(주)아디아랩,C#/JAVA 백엔드 개발자,부산전체
세원아이티(주),[세원아이티] 웹프로그래머(JAVA/JSP) 신입/경력 개발자 모집,대구동구
(주)텍트원,"JAVA/JSP/WEB, Springframework 개발자 신입/경력(PL,PM)[안양]",경기안양시 동안구
(주)디원,[PLM 솔루션] JAVA 웹개발자 신입 채용 (부산),부산남구
(주)텍트원,"경력 JAVA/JSP/WEB, Springframework 개발자 [안양]",경기안양시 동안구
(주)블루비즈넷,JAVA 개발 및 운영 정규직 신입,서울강서구
마이뱅크(주),Java 백엔드 개발자 채용,서울중구
(주)벨아이앤에스,[종근당 계열사] WEB기획/JAVA개발자/APPㆍWEB 디자이너/CS 정규직원 채용,서울중구
(주)이지미디어,"웹/모바일 JAVA 개발자 신입,경력직 모집",서울구로구
페이업(주),결제서비스 개발 신입/경력 모집 (Java),서울강남구
(주)애니로직,웹 개발자 - JAVA/SPRING,서울금천구
(주)애니로직,웹 개발자 - JAVA/SPRING (신입/경력) 모집,서울금천구
